{
    // Use IntelliSense to learn about possible attributes.
    // Hover to view descriptions of existing attributes.
    // For more information, visit: https://go.microsoft.com/fwlink/?linkid=830387
    "version": "0.2.0",
    "configurations": 
    [
        {
            "type": "gdb",
            "request": "launch",
            "name": "Launch Program (SSH - HOME)",
            "target": "gethostbyname",
            "cwd": "${workspaceRoot}",
            "ssh": 
            {
                "host": "172.22.86.63",
                "cwd": "/mnt/e/WSL/",
                "user": "lathevinh",
                "password": "123456",
                "port": 22,
                "useAgent": false,
                "forwardX11": false
            }
        }
    ]
}